name,Trump,Cruz,Rubio,Kasich,Carson,Bush,Christie,Fiorina,Gilmore,Huckabee,Paul,Santorum,Undecided
Carson,43.85684074074073,21.475270370370374,12.540770370370371,9.83716296296296,,,,,,,,,12.289955555555567
Bush,36.75455277777778,18.970475,15.923738888888888,7.610355555555555,7.959333333333332,,,,,,,,12.781544444444435
Christie,37.229483091787436,18.735275362318838,14.180891304347826,6.716007246376812,8.264444444444445,4.552482638888889,,,0.03833333333333333,,,,10.283082578502432
Fiorina,37.229483091787436,18.735275362318838,14.180891304347826,6.716007246376812,8.264444444444445,4.552482638888889,,,0.03833333333333333,,,,10.283082578502432
Gilmore,36.96122619047618,18.830400793650792,14.27500396825397,6.835468253968253,8.336666666666668,4.4572716049382715,,,,,,,10.303962522045847
Huckabee,35.64068181818181,18.671237373737373,16.01328282828283,3.929520202020201,7.577979797979799,4.04169191919192,2.599217171717172,1.8755050505050503,0.09075757575757576,,2.7146666666666666,0.3197222222222222,6.525737373737371
Paul,38.446325,19.093619444444446,13.185063888888887,3.743802777777778,8.940999999999999,5.682663888888889,2.5743055555555556,2.146388888888889,0.033749999999999995,,,,6.153080555555551
Santorum,38.446325,19.093619444444446,13.185063888888887,3.743802777777778,8.940999999999999,5.682663888888889,2.5743055555555556,2.146388888888889,0.033749999999999995,,,,6.153080555555551
