name,Trump,Cruz,Rubio,Kasich,Carson,Bush,Christie,Fiorina,Gilmore,Huckabee,Paul,Santorum,Undecided
Carson,40.790703703703706,17.448,17.077166666666667,6.882518518518519,8.458518518518519,,,,,,,,9.343092592592589
Bush,37.844277777777776,18.935277777777777,13.793111111111111,5.536722222222222,8.303333333333333,5.117166666666667,,,,,,,10.470111111111123
Christie,35.46359259259259,19.938074074074073,15.64687037037037,3.752833333333333,7.960185185185185,4.501351851851852,2.549777777777778,2.0477777777777777,0.029444444444444443,,,,8.110092592592588
Fiorina,35.46359259259259,19.938074074074073,15.64687037037037,3.752833333333333,7.960185185185185,4.501351851851852,2.549777777777778,2.0477777777777777,0.029444444444444443,,,,8.110092592592588
Gilmore,38.312703703703704,19.011185185185184,13.376833333333332,3.608833333333333,8.935,5.5112407407407416,,,0.033888888888888885,,,,11.210314814814788
Huckabee,37.739555555555555,17.247555555555557,12.251055555555556,3.913055555555556,7.477333333333334,4.695722222222223,2.020666666666666,1.609,0.16366666666666668,1.7890000000000001,2.7416666666666663,0.7886666666666666,7.5630555555555485
Paul,38.707861111111114,17.271166666666666,12.759777777777778,3.971347222222222,7.329861111111111,4.502041666666667,2.5253749999999995,1.698333333333333,0.28125,,2.7330416666666664,0.6835416666666666,7.536402777777761
Santorum,38.707861111111114,17.271166666666666,12.759777777777778,3.971347222222222,7.329861111111111,4.502041666666667,2.5253749999999995,1.698333333333333,0.28125,,2.7330416666666664,0.6835416666666666,7.536402777777761
