name,Trump,Cruz,Rubio,Kasich,Carson,Bush,Christie,Fiorina,Gilmore,Huckabee,Paul,Santorum,Undecided
Carson,40.8005,17.495981481481483,17.10274074074074,6.876277777777777,8.385555555555555,,,,,,,,9.338944444444452
Bush,37.90811111111111,18.944333333333333,13.781222222222222,5.516611111111112,8.391333333333334,5.1162777777777775,,,,,,,10.34211111111109
Christie,35.47444444444444,20.01074074074074,15.635833333333332,3.801296296296296,7.897592592592594,4.490925925925927,2.583425925925926,2.1048148148148154,0.032777777777777774,,,,7.9681481481481535
Fiorina,35.47444444444444,20.01074074074074,15.635833333333332,3.801296296296296,7.897592592592594,4.490925925925927,2.583425925925926,2.1048148148148154,0.032777777777777774,,,,7.9681481481481535
Gilmore,38.38098148148148,19.136796296296296,13.422259259259258,3.6974259259259257,8.916296296296297,5.476870370370371,,,0.02666666666666666,,,,10.942703703703696
Huckabee,37.73084444444444,17.176822222222224,12.26121111111111,3.813077777777777,7.589555555555554,4.716744444444444,2.0445777777777776,1.6284444444444446,0.16033333333333336,1.8086666666666666,2.7709333333333332,0.8017222222222223,7.497066666666688
Paul,38.591680555555556,17.304708333333334,12.757833333333334,3.9022499999999996,7.379444444444445,4.503361111111111,2.5304444444444445,1.7123611111111112,0.2795833333333333,,2.774916666666667,0.6965972222222223,7.56681944444443
Santorum,38.591680555555556,17.304708333333334,12.757833333333334,3.9022499999999996,7.379444444444445,4.503361111111111,2.5304444444444445,1.7123611111111112,0.2795833333333333,,2.774916666666667,0.6965972222222223,7.56681944444443
